Crime ID,Month,Reported by,Falls within,Longitude,Latitude,Location,LSOA code,LSOA name,Outcome type
102ab118db5aaa8f6c3c691e1a7936d5c810cea909ecfdda4d5f1ba49b6818ac,2012-01,South Wales Police,South Wales Police,-3.377805,51.740459,On or near Parking Area,W01001293,Merthyr Tydfil 004B,Offender given community sentence
f783456cac96f8f48289066d6ba8a49bb41e26f06f07fecbfbc16142744f787e,2012-01,South Wales Police,South Wales Police,-3.155220,51.487764,On or near HELEN PLACE,W01001694,Cardiff 036A,Offender fined
fb1bf4edd87ae710b40a5e5271820d8dbd05acefd25633e28156b1f57e1987c9,2012-01,South Wales Police,South Wales Police,-3.700766,51.490624,On or near PYLE ROAD,W01001032,Bridgend 018B,Offender fined
2bb9ed2b8a01d7e7919853e612ca5001dea95ff63ca09671573d36ac5d6d5f75,2012-01,South Wales Police,South Wales Police,-3.577491,51.508129,On or near MARKET STREET,W01001021,Bridgend 014A,Offender given community sentence
9aab818a5849a5b00b56d77f3dc6aa69f27841ce456070fb9d5e730e29dd8611,2012-01,South Wales Police,South Wales Police,-3.939532,51.619260,On or near WIND STREET,W01001938,Swansea 025E,Offender sent to prison
a23a9ce4c68d779167aa9c9a470c65141c9b430648976b716d1d106aef76f707,2012-01,South Wales Police,South Wales Police,-3.118012,51.529316,On or near BUNYAN CLOSE,W01001807,Cardiff 007B,Offender given suspended prison sentence
b4dc79181b1eb075067e2bcd2120e9d7d1f9296c398549254af56f40670ed119,2012-01,South Wales Police,South Wales Police,-3.404831,51.612420,On or near THE PARADE,W01001229,Rhondda Cynon Taf 017B,Offender sent to prison
5b3d470e5066770d69bf96f627bc24ff30b7be59a80a2cb0a0236a9605f3df9b,2012-01,South Wales Police,South Wales Police,-3.652131,51.637740,On or near VICTORIA STREET,W01000992,Bridgend 001B,Offender fined
238cf113e0c32a868f40a709549a96934cda43e575d2c0674b27b6e79970117b,2012-01,South Wales Police,South Wales Police,-3.340232,51.764362,On or near COEDCAE ROW,W01001297,Merthyr Tydfil 002C,Offender sent to prison
255482780bd12122a49750198e8d7e63a990535a77d749bccc03a78885ef56a0,2012-01,South Wales Police,South Wales Police,-3.446063,51.713617,On or near CANON STREET,W01001148,Rhondda Cynon Taf 002A,Offender fined
603c3ebf52fef22bbfd2bf86b3b001f9650af0cd160e26f60870053babab9cda,2012-01,South Wales Police,South Wales Police,-3.579500,51.506627,On or near Dunraven Place,W01001021,Bridgend 014A,Offender given community sentence
273ded3dcfdb01c2d6b8d3e14f4187df6b0597349c57a4d1ad21255dc6fa571c,2012-01,South Wales Police,South Wales Police,-3.954561,51.628795,On or near CADRAWD ROAD,W01000864,Swansea 019C,Offender fined
1f19eac5e6776f95771c09d783d7955798c96f0ed37be6042665ab25693ce252,2012-01,South Wales Police,South Wales Police,-3.206449,51.472366,On or near Petrol Station,W01001711,Cardiff 040C,Offender sent to prison
f77770130802bf2f2d46fb949c3d82c12a819359f90551c7c645d6cb39d6c293,2012-01,South Wales Police,South Wales Police,-3.926062,51.644328,On or near Pedestrian Subway,W01000741,Swansea 014D,Offender sent to prison
9ac6653fae22dad74b4bafef659caac50e9183deebd690b618099d5746347863,2012-01,South Wales Police,South Wales Police,-3.940654,51.619817,On or near Nightclub,W01001955,Swansea 025F,Offender given conditional discharge
049e82d6943779b39f8ae9dc35cc8d92c29e4618e72d581e7b5877b15b87f88f,2012-01,South Wales Police,South Wales Police,-3.338376,51.604933,On or near BRIDGE STREET,W01001228,Rhondda Cynon Taf 021D,Offender sent to prison
4edcb4b2ad9bcbf1283ffaba2a487cbce3f4475f84fd8834fbb582899720f218,2012-01,South Wales Police,South Wales Police,-3.571652,51.517667,On or near Hospital,W01001038,Bridgend 011C,Offender given conditional discharge
17d416d7a1f4d5f4250a3028afc083f56fbedad4680d305481b8d3bd58c04207,2012-01,South Wales Police,South Wales Police,-3.349860,51.763101,On or near RECTORY CLOSE,W01001297,Merthyr Tydfil 002C,Offender sent to prison
219eb3245d114dfc63ed0469e2daf31af1500caa778481a3c298e1868db65f71,2012-01,South Wales Police,South Wales Police,-3.340201,51.602178,On or near PARK SIDE LANE,W01001228,Rhondda Cynon Taf 021D,Offender sent to prison
0bfe9c50d2ba83579bc3f108aae1d9c4af348f353a3f48a21a723c7f76ecf000,2012-01,South Wales Police,South Wales Police,-3.252971,51.491868,On or near BRIAR CLOSE,W01001753,Cardiff 031C,Offender given community sentence
2f691871dd3d032783e5a370ef0c57aa98672f347ba36ea35e3235a2b611b125,2012-01,South Wales Police,South Wales Police,-3.118848,51.522250,On or near BLACKMOOR PLACE,W01001802,Cardiff 007A,Offender sent to prison
9495708abff06140db2795711668c62c162f6c6871b6ee3e474f3e7915e20e02,2012-01,South Wales Police,South Wales Police,-3.578461,51.505328,On or near QUEEN STREET,W01001021,Bridgend 014A,Offender fined
be6f8003b833d6e3fbc93304f21aa49536d85bf16f67e5c1d11da9b7a7de571a,2012-01,South Wales Police,South Wales Police,-3.580545,51.512242,On or near GERDDI QUARELLA,W01001023,Bridgend 014C,Offender given community sentence
d836a108c0a196ebf8d898c2f0e3596236a95b569e404b4285f12b6af4e835d3,2012-01,South Wales Police,South Wales Police,-3.458768,51.722497,On or near EDWARD STREET,W01001153,Rhondda Cynon Taf 002C,Offender sent to prison
16951a1b679a5389e1613cc827489d47d68015112506cad9bcb46a2963d7dde6,2012-01,South Wales Police,South Wales Police,-3.973459,51.617787,On or near SKETTY ROAD,W01000874,Swansea 024F,Offender given conditional discharge
da794a4f35aa5bc1463f79341f19959aa341b3082788cc87bb3d5612698a2c89,2012-01,South Wales Police,South Wales Police,-3.433704,51.704543,On or near KILN STREET,W01001137,Rhondda Cynon Taf 005A,Offender given conditional discharge
6ccd656952ecfcc723ed84c336ae1fc7110e38ba0db9d7520fbd8ce5973962c4,2012-01,South Wales Police,South Wales Police,-3.940654,51.619817,On or near Nightclub,W01001955,Swansea 025F,Offender given community sentence
afc1216b58b8f2712f0d35edd13ba5776fe686b87931c43e2d5adaf3f5bf770f,2012-01,South Wales Police,South Wales Police,-3.338376,51.604933,On or near BRIDGE STREET,W01001228,Rhondda Cynon Taf 021D,Offender fined
358dc3e11576147a0b3aff87864ab1f70b4462443b3f2e6ae184e2ebd562fb0c,2012-01,South Wales Police,South Wales Police,-3.944321,51.614685,On or near PAXTON DRIVE,W01001957,Swansea 025G,Offender fined
bf044f2aa7de42b20eb64917fa7d1815ac73d2e54312202649628ad9320ea43e,2012-01,South Wales Police,South Wales Police,-3.182802,51.456035,On or near MOREL COURT,W01001947,Cardiff 048E,Offender sent to prison
dc886d0360ef98bee6ac119d32bf51057b2fde51ca90206c54d1839eafe323be,2012-01,South Wales Police,South Wales Police,-3.206449,51.472366,On or near Petrol Station,W01001711,Cardiff 040C,Offender otherwise dealt with
36f17d226422272383aa15de03fcfb349ce05050398b72066f239c11630fa627,2012-01,South Wales Police,South Wales Police,-3.583443,51.541383,On or near MERFIELD CLOSE,W01000987,Bridgend 007B,Offender given community sentence
ffaa0b52bc778ce5bde7a116f1924f958f7d134c41906e03bf7cab4651900e7f,2012-01,South Wales Police,South Wales Police,-3.168138,51.483752,On or near FITZALAN PLACE,W01001835,Cardiff 033F,Offender given community sentence
bcf842bdfd25c5457118096bd4b1d79d8a29b35e872c57e3be0eee589e5e7d02,2012-01,South Wales Police,South Wales Police,-3.785119,51.596694,On or near Shopping Area,W01000884,Neath Port Talbot 017A,Offender ordered to pay compensation
b94416e0bb26ce2f4ca2c0e38af940eb9718aad034c4814f5ca922c5ff65e34c,2012-01,South Wales Police,South Wales Police,-3.780224,51.593738,On or near COURTLAND BUILDINGS,W01000951,Neath Port Talbot 018C,Offender given conditional discharge
3a9693f9b481e64d5b6244fffd4ea3fec53a379b17158e9420d3e5cd5387d363,2012-01,South Wales Police,South Wales Police,-3.658858,51.609023,On or near TALBOT STREET,W01001014,Bridgend 002A,Offender sent to prison
647ab6a50048c5a8ead5d42a1f6521d95327249ec96f1b977eb04bdb2ecf0ae4,2012-01,South Wales Police,South Wales Police,-3.504884,51.659385,On or near BROOK STREET,W01001270,Rhondda Cynon Taf 010B,Offender otherwise dealt with
d8a101f976141d5992a473ef073a8568a99742b3a41108b4f19605ee88aa7dea,2012-01,South Wales Police,South Wales Police,-3.964707,51.629857,On or near GWENT ROAD,W01000862,Swansea 019A,Offender fined
41f33bd74d9107167fc586f57aededa18fb152eb3f2484454f446c753a9a5514,2012-01,South Wales Police,South Wales Police,-3.365856,51.668899,On or near WILLOW TERRACE,W01001209,Rhondda Cynon Taf 008A,Offender sent to prison
9039871472e0d6c3928186e091aaf1772877ddac314e39990b4c4df74aa5bfa9,2012-01,South Wales Police,South Wales Police,-3.571652,51.517667,On or near Hospital,W01001038,Bridgend 011C,Offender given community sentence
727f0fa77ffe845baeecd28c0b54d28c4953bad37cc85c3a88ec16501b1ae085,2012-01,South Wales Police,South Wales Police,-3.176026,51.480220,On or near Shopping Area,W01001941,Cardiff 032G,Offender sent to prison
aca1e2be5c5d6a7a1efeec377bf7d30ae9ed7f5c6cad1bbd79efc3f4e4eb4f37,2012-01,South Wales Police,South Wales Police,-3.510941,51.663704,On or near TREASURE STREET,W01001272,Rhondda Cynon Taf 010D,Offender sent to prison
8e162096064a458aa12b6e6a48bfb15129fb51dad8c7eefb35a8e29874b26de7,2012-01,South Wales Police,South Wales Police,-3.477518,51.718081,On or near JAMES STREET,W01001154,Rhondda Cynon Taf 003D,Offender sent to prison
ba57972abdd7d15545c330e551da6cacc6f7897dbc1a752600f3534ce11bcf1e,2012-01,South Wales Police,South Wales Police,-3.314576,51.584835,On or near WARREN CLOSE,W01001185,Rhondda Cynon Taf 022A,Offender fined
54c3047822ec31b38ac6cd198242415fef22a57857c73985c977e1ff44439c14,2012-01,South Wales Police,South Wales Police,-3.168251,51.461666,On or near HAVANNAH STREET,W01001943,Cardiff 048B,Offender given community sentence
7a92bd27e60431f4c0a87ff5b7ec8ac9985bae3414fe26da101b8c48da68e3a5,2012-01,South Wales Police,South Wales Police,-3.963770,51.631573,On or near GORS AVENUE,W01000862,Swansea 019A,Offender fined
68045234bf897076a38ec9be8ce283195243d283a4853aed0494b4708392fecf,2012-01,South Wales Police,South Wales Police,-3.453218,51.621137,On or near DUNRAVEN STREET,W01001248,Rhondda Cynon Taf 016D,Offender given conditional discharge
e884143b6b5eedfb93b1822c3e23993b5982703357d62bd2ac34a4f097602b76,2012-01,South Wales Police,South Wales Police,-3.169309,51.469838,On or near SOUTH LOUDOUN PLACE,W01001699,Cardiff 049A,Offender sent to prison
b38913d3d9a268d110a7c80af31f4eac2294f80aeed88653805f317e120cac08,2012-01,South Wales Police,South Wales Police,-4.054044,51.678380,On or near CLOS CWRT Y CARNE,W01000844,Swansea 005F,Offender sent to prison
0df12e6132a15c32234a696067e1965af0831175b583e3d097c2da161ca542ed,2012-01,South Wales Police,South Wales Police,-3.272860,51.404296,On or near Parking Area,W01001066,The Vale of Glamorgan 015D,Offender given community sentence
0a690bbb26cf7aa289f64553f9259a489c48178a5882822cc383dcd658999834,2012-01,South Wales Police,South Wales Police,-3.443374,51.711924,On or near CROSS STREET,W01001150,Rhondda Cynon Taf 003B,Offender given community sentence
afc1216b58b8f2712f0d35edd13ba5776fe686b87931c43e2d5adaf3f5bf770f,2012-01,South Wales Police,South Wales Police,-3.338376,51.604933,On or near BRIDGE STREET,W01001228,Rhondda Cynon Taf 021D,Offender given community sentence
57363d7575537453d42dbb230c4046ffaa706768dc6b9179acb1888269aa7fa5,2012-01,South Wales Police,South Wales Police,-3.340718,51.600608,On or near Shopping Area,W01001182,Rhondda Cynon Taf 021A,Offender sent to prison
0304f3d460eb6a3bd8a0834fbee37cdfc29830e347ba95958efbb2d4af29985c,2012-01,South Wales Police,South Wales Police,-3.916598,51.664275,On or near Supermarket,W01000794,Swansea 010A,Offender sent to prison
6b3e0ba71d6d3385a6ef7eec28f4948aed2d6585a36c93ebbbcb2c56111c7bb4,2012-01,South Wales Police,South Wales Police,-3.184188,51.448405,On or near WATKISS WAY,W01001945,Cardiff 048D,Offender given suspended prison sentence
8836e0e94dce8053970321d8545894c913c5b381e4d3c51049db112c0b6023e7,2012-01,South Wales Police,South Wales Police,-3.941046,51.626636,On or near POWELL STREET,W01001955,Swansea 025F,Offender given community sentence
de6451e12bab6ca5cf20427c88ab8c53e55d7704bf6ef2c91299f843ee24aa6d,2012-01,South Wales Police,South Wales Police,-3.444734,51.712806,On or near VICTORIA SQUARE,W01001150,Rhondda Cynon Taf 003B,Offender given community sentence
cf35b92a46f1fa16430afe2aa1e6cc3cdd1b0c556c3a5fb3e836bd153aecb29a,2012-01,South Wales Police,South Wales Police,-3.384279,51.749006,On or near BETHESDA STREET,W01001307,Merthyr Tydfil 004C,Offender fined
0f0c0641b9ceea91d8954c22b081dec59558e8025997a90659c8b3f292390498,2012-01,South Wales Police,South Wales Police,-3.230872,51.413107,On or near NORTH ROAD,W01001133,The Vale of Glamorgan 008E,Offender sent to prison
84fa7879feb16a805dc85bfc3e86b3a47063e728d1c39c2fb3775ab63bca6af2,2012-01,South Wales Police,South Wales Police,-3.164114,51.480671,On or near WINDSOR ROAD,W01001695,Cardiff 036B,Offender fined
a82f2bfccea64ac88e410be62fb443d1cffc8382d2e690106b2e564952816ae1,2012-01,South Wales Police,South Wales Police,-3.206081,51.498267,On or near Supermarket,W01001756,Cardiff 025B,Offender given community sentence
f08faa12883aaa9334ec80998b7bc8a001735e8a33a82d0b985d1434a4bf614a,2012-01,South Wales Police,South Wales Police,-3.336783,51.620498,On or near PEARSON CRESCENT,W01001180,Rhondda Cynon Taf 015A,Offender fined
dbdf7bc01e47cf673ee5d8b7481423a29d15c970d2c1d42e910f6ae962af09d4,2012-01,South Wales Police,South Wales Police,-3.453218,51.621137,On or near DUNRAVEN STREET,W01001248,Rhondda Cynon Taf 016D,Defendant found not guilty
45182bd7add60b9b62cffe9ab15dfb7860d79b6d25291245a353a3904d9d24a0,2012-01,South Wales Police,South Wales Police,-3.239804,51.473754,On or near HEOL PENNAR,W01001704,Cardiff 041A,Offender otherwise dealt with
f910ca29d728be395f8978bc907d40f1bdceef0e2a64dcfc5087536548ed5a97,2012-01,South Wales Police,South Wales Police,-3.943460,51.619906,On or near Shopping Area,W01000745,Swansea 025B,Offender given conditional discharge
051123bd931f34ddf648f30dc646917d31856c9bbb70f4f3bca40c9b6738b05e,2012-01,South Wales Police,South Wales Police,-3.154751,51.491410,On or near A469,W01001698,Cardiff 036E,Defendant found not guilty
f7fb4d72507e8522099a2c5015d0e0107e58c670cc6880d84a2fb11a66e65fb6,2012-01,South Wales Police,South Wales Police,-3.184243,51.498903,On or near ALLENSBANK ROAD,W01001726,Cardiff 028E,Offender sent to prison
12d5ef7690c0b38a5d4d515602db3c0dbf650720a7ba15d062b7dfd51ba5db8f,2012-01,South Wales Police,South Wales Police,-3.383601,51.752422,On or near WELL STREET,W01001307,Merthyr Tydfil 004C,Offender given community sentence
b2e6bac8d891342f3be123b9c84d6cbf0b888ba9c368e9bfb2d45f661c30440d,2012-01,South Wales Police,South Wales Police,-3.963357,51.649106,On or near Parking Area,W01000832,Swansea 011B,Defendant found not guilty
f62a552166c4032531ad5496fb5373036f807ef1bddbac0de9df502aaf0af7bb,2012-01,South Wales Police,South Wales Police,-3.177284,51.478742,On or near Shopping Area,W01001941,Cardiff 032G,Offender fined
57bbf31173d36700aabd8e0ac2e475fe5f3e846723364652c7a8d7149d122236,2012-01,South Wales Police,South Wales Police,-3.975758,51.653718,On or near MEWSLADE AVENUE,W01000830,Swansea 011A,Offender otherwise dealt with
a5b4d8f115a4b4ec6a51c57174fa690e99c789711673655038992ba72b2587c8,2012-01,South Wales Police,South Wales Police,-3.268247,51.404391,On or near MERGANSER COURT,W01001073,The Vale of Glamorgan 015E,Offender given conditional discharge
8b2ad03c63b1d64e214a9911aa3e7ceb30d40faa91b10d7cb68bfc6d9c9ab4b1,2012-01,South Wales Police,South Wales Police,-3.216390,51.531574,On or near PENYGRAIG,W01001852,Cardiff 004B,Offender given suspended prison sentence
aca1e2be5c5d6a7a1efeec377bf7d30ae9ed7f5c6cad1bbd79efc3f4e4eb4f37,2012-01,South Wales Police,South Wales Police,-3.510941,51.663704,On or near TREASURE STREET,W01001272,Rhondda Cynon Taf 010D,Offender given community sentence
68c67dd397e299f7604b196d82487c33ff2a29d20bf47fbbe2dc96e924470746,2012-01,South Wales Police,South Wales Police,-3.973803,51.650316,On or near PAVILAND PLACE,W01000832,Swansea 011B,Offender fined
88573e47e6cd86a77ba9f293f4e910918aeb17f372013ffcb8b0388e6711a908,2012-01,South Wales Police,South Wales Police,-3.658731,51.608296,On or near LLYNFI LANE,W01001018,Bridgend 002D,Offender given community sentence
0b596d8d35df44002d6c0cc660b087d3d12e2e2274d0f524f473a2f1a85d0bc6,2012-01,South Wales Police,South Wales Police,-3.340718,51.600608,On or near Shopping Area,W01001182,Rhondda Cynon Taf 021A,Offender given conditional discharge
d851dda7f8dfca11174a8dc993da757f0f26174b453ca81363ef7d42d2eb764a,2012-01,South Wales Police,South Wales Police,-3.579500,51.506627,On or near Dunraven Place,W01001021,Bridgend 014A,Offender sent to prison
e0e9beef430cb8a4bc32d93576aef6a31ae804c77b99184faaab3b3dc7d1d8d5,2012-01,South Wales Police,South Wales Police,-3.373343,51.543905,On or near MAES SARN,W01001195,Rhondda Cynon Taf 030C,Offender sent to prison
1b6d06cf632fa0e1f838b76bf7931dd661b270455bfa63755f32cdd4276b39f5,2012-01,South Wales Police,South Wales Police,-3.472919,51.668315,On or near EXCELSIOR TERRACE,W01001203,Rhondda Cynon Taf 009D,Offender given suspended prison sentence
a10fa447e3831ac51770870cdf0e76834cac5782e1765fe2faa3089dd33ae3d0,2012-01,South Wales Police,South Wales Police,-3.946920,51.618374,On or near PLYMOUTH STREET,W01001955,Swansea 025F,Offender given conditional discharge
0a6736da1a529e6df534633326742dccdef9f331bac6eb8f1c99e50dbf9c66a4,2012-01,South Wales Police,South Wales Police,-3.987790,51.649855,On or near PONTARDULAIS ROAD,W01000761,Swansea 013B,Offender fined
1aa873cd21da8dbc2bb2dd93524ea3b9a7fb9ca2f602f45ec14eb3394badc6f1,2012-01,South Wales Police,South Wales Police,-3.577491,51.508129,On or near MARKET STREET,W01001021,Bridgend 014A,Offender sent to prison
de4d35494ef5c60cf4561842faa1dedef78fa9e4217507be3407ed79f3553674,2012-01,South Wales Police,South Wales Police,-3.811396,51.604313,On or near Pedestrian Subway,W01000883,Neath Port Talbot 016A,Offender sent to prison
3fa2aa2b907a3d4aa439e983ead5c577d0926a3b59c0606646dd8f57ee9d4982,2012-01,South Wales Police,South Wales Police,-3.178431,51.481895,On or near Shopping Area,W01001939,Cardiff 032F,Offender sent to prison
66a47caadfba8a706bf44014f60e97da0e1fd794bc0f4fed2886b4113d03a159,2012-01,South Wales Police,South Wales Police,-3.778358,51.595484,On or near CROWN STREET,W01000950,Neath Port Talbot 018B,Defendant found not guilty
67516260c042f403fe9a45fd26b379852569ddf52dbb0576269b46155fda7904,2012-01,South Wales Police,South Wales Police,-3.176335,51.477699,On or near Shopping Area,W01001941,Cardiff 032G,Offender otherwise dealt with
690282cf3ac2935edf34e04c394df1e5a1e2f18dd881c845c86e1f3f30203127,2012-01,South Wales Police,South Wales Police,-3.948932,51.655200,On or near LLANGYFELACH ROAD,W01000820,Swansea 009D,Offender sent to prison
535ac70d3564bad5266fd7f84331fbf98cc49df33a1d3ad338088c848b8e1da6,2012-01,South Wales Police,South Wales Police,-3.175631,51.475503,On or near ST MARY STREET,W01001952,Cardiff 049F,Offender sent to prison
4e62d161090347380a5a564800d991f3ccfa2fd7ce0f13e4603921f627659d78,2012-01,South Wales Police,South Wales Police,-3.119903,51.520594,On or near Supermarket,W01001802,Cardiff 007A,Offender otherwise dealt with
af75b608c9e8c0e7418c8df95816abe4fdccc9610c7c3e862077fab7189483fe,2012-01,South Wales Police,South Wales Police,-3.182256,51.442697,On or near CHICHESTER ROAD,W01001126,The Vale of Glamorgan 005E,Offender given conditional discharge
2b6b8db4b54fb8668bdf842605da38f2f1e3d12a18b594439f75937be33e8a23,2012-01,South Wales Police,South Wales Police,-3.338376,51.604933,On or near BRIDGE STREET,W01001228,Rhondda Cynon Taf 021D,Offender fined
6dcfd1054eb053bf3d749bd4fd5ffb692827e1faec34301e1129f2f2f82c2686,2012-01,South Wales Police,South Wales Police,-3.607763,51.508851,On or near BROAD OAK WAY,W01000990,Bridgend 017B,Offender sent to prison
f50e61097f8d1351b746ed96c53872d839c23ea162b4eb7fa0718019b2ad3d25,2012-01,South Wales Police,South Wales Police,-3.177068,51.477629,On or near Caroline Street,W01001941,Cardiff 032G,Offender fined
5abb7edd6503b73902e0c7fcf989f813e81eca3ff8b89680a9c15be444f75804,2012-01,South Wales Police,South Wales Police,-3.925976,51.661047,On or near BANWELL STREET,W01000814,Swansea 008E,Offender given conditional discharge
c7a726b9e241b7fbcaa47d5af040e11a08ee610b03ed9dee1971838a58677c70,2012-01,South Wales Police,South Wales Police,-3.174655,51.481807,On or near Shopping Area,W01001939,Cardiff 032F,Offender sent to prison
0f49b18de6538230defdfdf2a9872b4f978176389485f3019ca88db13389b529,2012-01,South Wales Police,South Wales Police,-3.607763,51.508851,On or near BROAD OAK WAY,W01000990,Bridgend 017B,Offender sent to prison
8e1cadeeca7fd551e302f6387cc5c19599fa3bf33b6e35b93b2bb4b9c214f809,2012-01,South Wales Police,South Wales Police,-3.376848,51.745677,On or near Supermarket,W01001315,Merthyr Tydfil 004D,Offender fined
e65f6cd569a31a3150b94a34e716bf2a4769608b13f3f21f3e8513788ee885be,2012-01,South Wales Police,South Wales Police,-3.166283,51.481046,On or near WINDSOR ROAD,W01001695,Cardiff 036B,Offender sent to prison
e8cef5cac88d1650dc797acd799015e6dc6396fb92f0ad7e069c465849bed309,2012-01,South Wales Police,South Wales Police,-3.916598,51.664275,On or near Supermarket,W01000794,Swansea 010A,Offender sent to prison
54c3047822ec31b38ac6cd198242415fef22a57857c73985c977e1ff44439c14,2012-01,South Wales Police,South Wales Police,-3.168251,51.461666,On or near HAVANNAH STREET,W01001943,Cardiff 048B,Offender sent to prison
c706e8b3db7c2f3c0474c4429f7b6109299fcba8d5d46f4a21ac74224560ff34,2012-01,South Wales Police,South Wales Police,-3.385504,51.763945,On or near Hospital,W01001299,Merthyr Tydfil 008A,Offender sent to prison
23b7f7bd65f254798bf0b3ceaa57224f1e97918450642d4475a9b3c0898b4f57,2012-01,South Wales Police,South Wales Police,-3.189360,51.506755,On or near Hospital,W01001770,Cardiff 018B,Offender given community sentence
6cdeb1bd3ff5f19bd2516f3348bc2cc71062843cd7ed2cae20cd91f7198e0620,2012-01,South Wales Police,South Wales Police,-3.947257,51.619843,On or near Parking Area,W01000745,Swansea 025B,Offender sent to prison
166183c97f49df276dba9b716c6a1cea19b1a8afc1dae0d85691b49c565b7d54,2012-01,South Wales Police,South Wales Police,-3.552661,51.515276,On or near ST MADDOCK'S CLOSE,W01000985,Bridgend 015C,Offender given conditional discharge
d3d21102a4c4e52d29278e9e4d99cd680867b0d56e88470a62bf3748cbac445d,2012-01,South Wales Police,South Wales Police,-3.577491,51.508129,On or near MARKET STREET,W01001021,Bridgend 014A,Offender sent to prison
42ebb68331f3ddc34da70dec0e04f03d48ea38af57f25a4e850f38e1d4f10108,2012-01,South Wales Police,South Wales Police,-3.173758,51.478822,On or near MILLICENT STREET,W01001941,Cardiff 032G,Offender given community sentence
ae89bc651d7561b8c3ce36dd8ce27405bfc371a53da1daf622d716191ff5e4df,2012-01,South Wales Police,South Wales Police,-3.781386,51.594665,On or near TY-DRAW PLACE,W01000951,Neath Port Talbot 018C,Offender fined
3e2c156a58763bb948cd782794af06406845de2ec355456909278e83be6d3949,2012-01,South Wales Police,South Wales Police,-3.975281,51.630462,On or near ELPHIN ROAD,W01000758,Swansea 017D,Offender fined
d4ecf94e021f7f593db8414962aa100a9d39dbcfcbf94a080940912514f52955,2012-01,South Wales Police,South Wales Police,-3.258137,51.474413,On or near PARKER ROAD,W01001742,Cardiff 043A,Offender given suspended prison sentence
eefdc4e0af0749151bd1c56bd38f6dea7b41c9cbf40fba8dc0420433248bb22b,2012-01,South Wales Police,South Wales Police,-3.783577,51.594937,On or near Parking Area,W01000951,Neath Port Talbot 018C,Offender fined
0de488d52f6e2d9669422135cb407ff62954f9a9a7d26fd3c3dfe0d8bb8869af,2012-01,South Wales Police,South Wales Police,-4.042086,51.669471,On or near Further/Higher Educational Building,W01000773,Swansea 005A,Offender sent to prison
9d68d7db0c5929bf496e201b4eefc042ddba624fd4b9064eaa3e0e8f2dde40c0,2012-01,South Wales Police,South Wales Police,-3.265557,51.405886,On or near LLANTWIT STREET,W01001910,The Vale of Glamorgan 012G,Offender fined
0fae7e367e5e96f5ae6cf38933fbb3db62ed29fbb359a24d184605c5d3885e4d,2012-01,South Wales Police,South Wales Police,-3.328865,51.646124,On or near Police Station,W01001145,Rhondda Cynon Taf 012C,Offender given conditional discharge
3a798f979ba32ef50650b4b47c10256f46c3c8bfa3d6d65677fb668c51a6744b,2012-01,South Wales Police,South Wales Police,-3.916598,51.664275,On or near Supermarket,W01000794,Swansea 010A,Offender sent to prison
5e52a6e5c5ac8cfc97772af287d9386e143fa3b77687dfa7da31ec5d12995650,2012-01,South Wales Police,South Wales Police,-3.652131,51.637740,On or near VICTORIA STREET,W01000992,Bridgend 001B,Offender sent to prison
71530d97736d49e13fb92cd898fd1e1dbc2871c0fd173f8b5ed7d3e3542cf987,2012-01,South Wales Police,South Wales Police,-3.189360,51.506755,On or near Hospital,W01001770,Cardiff 018B,Offender given community sentence
b8de82d66cd1092505cb0c6677a58a425aadfb86e19b0605f6c37992a9a0291c,2012-01,South Wales Police,South Wales Police,-3.943761,51.639441,On or near MYSYDD TERRACE,W01000789,Swansea 016E,Offender fined
22357a312c05aadf13748c2402bcfa71ed17926998cc65a29681b101a0d27245,2012-01,South Wales Police,South Wales Police,-3.848504,51.660323,On or near Police Station,W01000917,Neath Port Talbot 010F,Offender otherwise dealt with
f1dd2a8ed7b32215579da27f6fb39278f6937eb25e1e38446c56db345298920c,2012-01,South Wales Police,South Wales Police,-3.771648,51.586323,On or near LIBRARY LANE,W01000967,Neath Port Talbot 019C,Offender fined
b4efb1c58e7a1467235e8e0ea45fec799dcc8b754cdcf2350d0dba5c537a34d0,2012-01,South Wales Police,South Wales Police,-3.658858,51.609023,On or near TALBOT STREET,W01001014,Bridgend 002A,Offender sent to prison
70ea4504984588fac0ca9cff23b6f232f1960434836277ab8962fb2e529ad91f,2012-01,South Wales Police,South Wales Police,-3.945630,51.662170,On or near CRESWELL ROAD,W01000818,Swansea 009B,Offender sent to prison
f064e9f12674a43d977d689874305353fd065e2446e2defe823e03143fa755f2,2012-01,South Wales Police,South Wales Police,-3.579669,51.509017,On or near Supermarket,W01001028,Bridgend 014D,Offender fined
92a75f5814ff51e1a7c2025ef2262b146f2e9223f6ee4a4fb77f163ae3538399,2012-01,South Wales Police,South Wales Police,-3.177285,51.481574,On or near Shopping Area,W01001939,Cardiff 032F,Offender sent to prison
92b4526026abd772f8493b31c6c8462ca2d54741acf5cc11364e96f52f832776,2012-01,South Wales Police,South Wales Police,-3.966634,51.617964,On or near GWYDR SQUARE,W01000874,Swansea 024F,Offender fined
f6a7bf715bcd853a602110917ed0b3b5497d35e801328f22c833a863ee1d6f90,2012-01,South Wales Police,South Wales Police,-3.658207,51.633158,On or near WOODLANDS TERRACE,W01000991,Bridgend 001A,Offender sent to prison
58b500fc1f3bad882836519fe5b5ef7fe9526beb5fd8a5d971c32ce4ddbe2b44,2012-01,South Wales Police,South Wales Police,-3.957716,51.625883,On or near ELFED ROAD,W01000866,Swansea 019E,Offender given conditional discharge
00aa8cc278d222d3dd71f52719044459d6d1a8467da115f75df5d606de533e24,2012-01,South Wales Police,South Wales Police,-3.280650,51.410928,On or near NORTH WALK,W01001093,The Vale of Glamorgan 013C,Offender given conditional discharge
1fb2273224c842b51bf789c6e5bfe00931ae988ea14d8cf204b116c134be2bfd,2012-01,South Wales Police,South Wales Police,-3.936093,51.617878,On or near CAMBRIAN PLACE,W01001938,Swansea 025E,Offender given conditional discharge
d83a354f5345feb5cf8eff0c5b038e283149cd10f2942c6b8a9c10fe1592264f,2012-01,South Wales Police,South Wales Police,-3.177284,51.478742,On or near Shopping Area,W01001941,Cardiff 032G,Offender fined
26a5cb7cbc94f43ef3f27a2a0de2dc827757486cf81f172d81d32caf8e32c23d,2012-01,South Wales Police,South Wales Police,-3.284589,51.399087,On or near MARKET STREET,W01001101,The Vale of Glamorgan 013E,Offender given community sentence
298dad24f9b9e29540243ab1fa8b9225217bee28fd0890acba7275643744732a,2012-01,South Wales Police,South Wales Police,-3.542924,51.603654,On or near LLYWELYN STREET,W01001034,Bridgend 003F,Offender sent to prison
6b2e817668a89c38ee8dcc7d8f5b810df22442c2a7db2e58a4f9e4094b6932e5,2012-01,South Wales Police,South Wales Police,-3.810133,51.653115,On or near ST CATHERINES CLOSE,W01000936,Neath Port Talbot 012A,Offender fined
4fc8976a3d53420d9cb0259684d7d0e69fda8cca5d34158ad787ca108ade2837,2012-01,South Wales Police,South Wales Police,-3.310195,51.587573,On or near PLANE STREET,W01001237,Rhondda Cynon Taf 022B,Offender given community sentence
6ea11d1ebbf3ed3450902a6e2f79d5823cc251b05e5014a391e9aa2ab53d28fe,2012-01,South Wales Police,South Wales Police,-3.782987,51.596457,On or near Supermarket,W01000950,Neath Port Talbot 018B,Offender fined
a4ac355cfc7dac97509fa2aebb70c37d15e5454e39a9f89ac1c039db211728e3,2012-01,South Wales Police,South Wales Police,-3.274962,51.467451,On or near Supermarket,W01001113,The Vale of Glamorgan 003A,Offender sent to prison
cd01d3759e090ba4efe6e8a791d0852fdadd719cefe3f67e18f5b295d171e0c4,2012-01,South Wales Police,South Wales Police,-3.326711,51.646607,On or near B4275,W01001145,Rhondda Cynon Taf 012C,Offender otherwise dealt with
972ce478e6c04b222f0df7d7045c0a0b6c799266e357ad6bbf929276563ec390,2012-01,South Wales Police,South Wales Police,,,No location,,,Offender given community sentence
cd344329ac6a7feccb6d39ca2d7f072accdb07a4c82527252306c0ce9e910c81,2012-01,South Wales Police,South Wales Police,-3.442412,51.713050,On or near Shopping Area,W01001150,Rhondda Cynon Taf 003B,Offender otherwise dealt with
ef23c7147bda2c50a87c6f829cca7bae78222ab4f6db1eda79060b6ebe480e71,2012-01,South Wales Police,South Wales Police,-3.393552,51.749985,On or near Shopping Area,W01001306,Merthyr Tydfil 003D,Offender given conditional discharge
3b6602c946bb8f1e698b11e0e21bfb5bf694f24d782db36cec30b708f3a8156c,2012-01,South Wales Police,South Wales Police,-3.477903,51.732562,On or near ERW LAS,W01001222,Rhondda Cynon Taf 001E,Offender fined
cd0f4f8edced15b9804d556d0d7c7e0bbf9b10a01fc2ea0a1d4efb679c110257,2012-01,South Wales Police,South Wales Police,-3.543842,51.600485,On or near BLANDY TERRACE,W01001033,Bridgend 003E,Offender sent to prison
dd4edb1011b9306826f0b5d794ce1a3349d3d06744b7d2261b2f1a17021106fb,2012-01,South Wales Police,South Wales Police,-3.852827,51.709208,On or near YNYS-Y-MOND ROAD,W01000888,Neath Port Talbot 004A,Offender fined
aec02341580ef9969336d65ea09b8395795101cc751860d9d3873d3fe775ae60,2012-01,South Wales Police,South Wales Police,-3.177908,51.441473,On or near HIGH STREET,W01001126,The Vale of Glamorgan 005E,Offender fined
79761cf032a98c466ce3a508b4304e86eb1455eebbaa4ffbbc0aa933fc16a7be,2012-01,South Wales Police,South Wales Police,-3.935247,51.620069,On or near Supermarket,W01001958,Swansea 025H,Offender sent to prison
a232ff6883728f32629edf6f875181aad3997e68adcd9fe316b5cf7d9c35e74f,2012-01,South Wales Police,South Wales Police,-3.211833,51.503297,On or near ABERPORTH ROAD,W01001787,Cardiff 023C,Offender given community sentence
9e8db66b593224cb99bd3c33aa2359c74cea838d1f1cda03199b757713c3c8f6,2012-01,South Wales Police,South Wales Police,-3.340718,51.600608,On or near Shopping Area,W01001182,Rhondda Cynon Taf 021A,Offender fined
fc9491f900d91bb3e6b1ff26407750f2aaf4208205bc5af5c0ecdea0381766d0,2012-01,South Wales Police,South Wales Police,-3.170591,51.440062,On or near JUBILEE LANE,W01001123,The Vale of Glamorgan 005B,Offender sent to prison
e0cbdf3b6458cb162ed5481687a557bbda1f0e737d46ff25b10e4ba08c08eee9,2012-01,South Wales Police,South Wales Police,-3.444095,51.618624,On or near CRABTREE ROAD,W01001261,Rhondda Cynon Taf 018F,Offender given community sentence
255482780bd12122a49750198e8d7e63a990535a77d749bccc03a78885ef56a0,2012-01,South Wales Police,South Wales Police,-3.446063,51.713617,On or near CANON STREET,W01001148,Rhondda Cynon Taf 002A,Offender fined
097c56ae1f346a6b58e617f5ec2e4d69fc3602dbdce254c44ce085f948067300,2012-01,South Wales Police,South Wales Police,-3.244219,51.490495,On or near HOLLY ROAD,W01001750,Cardiff 031A,Defendant found not guilty
58adaada781b7837705fcffaa6b9e2ef59df65b2cf437136e34456fb97e308be,2012-01,South Wales Police,South Wales Police,-3.574108,51.532031,On or near McArthur Glen Outlet,W01001056,Bridgend 007D,Offender given community sentence
5f4ff4eb9053b78441ea1bb1b6f7a3730cbb6ee2d32d469b4b25b84f62619ac6,2012-01,South Wales Police,South Wales Police,-3.195004,51.480702,On or near Parking Area,W01001857,Cardiff 042C,Offender deprived of property
ffaa0b52bc778ce5bde7a116f1924f958f7d134c41906e03bf7cab4651900e7f,2012-01,South Wales Police,South Wales Police,-3.168138,51.483752,On or near FITZALAN PLACE,W01001835,Cardiff 033F,Offender fined
4b1b712245c06d6a8f0b139cba7e44a89724e64da612f8d59aca139c83a30bac,2012-01,South Wales Police,South Wales Police,-3.438117,51.690390,On or near STATION TERRACE,W01001140,Rhondda Cynon Taf 005D,Offender fined
6fc57121438462a1720c73e95111ce1f2233ec27087f2ee20b59a5c095d75e18,2012-01,South Wales Police,South Wales Police,-3.482032,51.411000,On or near WINDMILL CLOSE,W01001110,The Vale of Glamorgan 011D,Offender fined
48995bf8600e28051aacb990d3fc244145c94dd5295a65df98f556e03dce269b,2012-01,South Wales Police,South Wales Police,-3.839153,51.661495,On or near SPRINGFIELD ROAD,W01000913,Neath Port Talbot 010B,Offender sent to prison
c5416f340e3d2879ecc677e4d7dee9bc07ad8f3350266f71600ac1ae4f89c49a,2012-01,South Wales Police,South Wales Police,-3.940654,51.619817,On or near Nightclub,W01001955,Swansea 025F,Offender fined
151a868b8ce9d8129385a1ee7f30fa41014065b38e003c96c62ff9cd3c3ba236,2012-01,South Wales Police,South Wales Police,-3.982014,51.628137,On or near Petrol Station,W01000868,Swansea 024B,Offender fined
bf39739d4507beef21c0156ae6d01f3a26ae765ee14dc90841e3646dafd80639,2012-01,South Wales Police,South Wales Police,-3.178431,51.481895,On or near Shopping Area,W01001939,Cardiff 032F,Offender sent to prison
0373a23316a65b6314606aaca96ecac7e237b1719d30d6c1ef17e7e48172c518,2012-01,South Wales Police,South Wales Police,-3.112750,51.515717,On or near CAERNARVON WAY,W01001886,Cardiff 016D,Offender otherwise dealt with
bce4cc85eb1d6446e37e4b067da161ef0953d16490eb07cbe32fb40e7f74de63,2012-01,South Wales Police,South Wales Police,-3.176026,51.480220,On or near Shopping Area,W01001941,Cardiff 032G,Offender fined
36f585be661aa3728197c719b6576acdac792e9ab270f7f02eea5d8e51498144,2012-01,South Wales Police,South Wales Police,-3.483308,51.641505,On or near PENRHIW ROAD,W01001287,Rhondda Cynon Taf 014F,Offender sent to prison
98853ecf5739b30a5e09ef3d4d248ea247bdaa2227d3e36bd51197b817c2b9c3,2012-01,South Wales Police,South Wales Police,-3.379785,51.682781,On or near CHANCERY LANE,W01001208,Rhondda Cynon Taf 006E,Offender sent to prison
19a4bc80df7e63e2a6f572ba713d55d99d41f0006a80f279e5166fc9939eb1d0,2012-01,South Wales Police,South Wales Police,-3.150128,51.489738,On or near BLANCHE STREET,W01001697,Cardiff 036D,Offender fined
e2583bf8b0ddb278ab7edd67970725d3b98eeb19899cb4fce24b030d15072fc2,2012-01,South Wales Police,South Wales Police,-3.176377,51.477069,On or near Nightclub,W01001941,Cardiff 032G,Offender given community sentence
33416b61cd114faa42bfbd48343957285ea3509240b34dade141a07f892e4b44,2012-01,South Wales Police,South Wales Police,-3.144356,51.487007,On or near CRAIGMUIR ROAD,W01001876,Cardiff 037D,Offender fined
df27ff454ee5ab8c66057b1ac723b46ae01213fc9346549386ce56d83741c8b0,2012-01,South Wales Police,South Wales Police,-3.178178,51.479362,On or near WHARTON STREET,W01001941,Cardiff 032G,Offender fined
d51c92c8051a7b479dbbfc904fd7524357a713f86422fdcccd62b4d922a4dce5,2012-01,South Wales Police,South Wales Police,-3.979850,51.657057,On or near CALDEY PLACE,W01000836,Swansea 011E,Offender fined
7c819de3df928fb1907099d64189bab90fa89ce8d45b01e90d5e355fc9792eda,2012-01,South Wales Police,South Wales Police,-3.340201,51.602178,On or near PARK SIDE LANE,W01001228,Rhondda Cynon Taf 021D,Offender given conditional discharge
17d1e47c79f08449e77611bc0b6245e783c8b411a53eeac393ba7d3ba67ca821,2012-01,South Wales Police,South Wales Police,-3.941046,51.626636,On or near POWELL STREET,W01001955,Swansea 025F,Defendant found not guilty
9aab818a5849a5b00b56d77f3dc6aa69f27841ce456070fb9d5e730e29dd8611,2012-01,South Wales Police,South Wales Police,-3.939532,51.619260,On or near WIND STREET,W01001938,Swansea 025E,Offender sent to prison
59d51e01264f384a58ffa528f992179b17ca135eae22a4ec85581fa72d578d1a,2012-01,South Wales Police,South Wales Police,-3.447164,51.712290,On or near Parking Area,W01001150,Rhondda Cynon Taf 003B,Offender fined
fcb611f2962909e5fb3fd278dc11f7c460e28ca9fcb2a209078769de7fedc9bd,2012-01,South Wales Police,South Wales Police,-3.462647,51.585088,On or near HEOL GLYNCOCH,W01001179,Rhondda Cynon Taf 023B,Offender given community sentence
f818ffe8e322aeee483d82f8e1fc426a5e7e7ce6770efb747a9268e8e542db60,2012-01,South Wales Police,South Wales Police,-3.432187,51.583126,On or near A4119,W01001249,Rhondda Cynon Taf 024A,Offender otherwise dealt with
44f99c48a5937b968872e8305dc7854722b9f1614a2547d5bdf2717d198d4744,2012-01,South Wales Police,South Wales Police,-3.176026,51.480220,On or near Shopping Area,W01001941,Cardiff 032G,Offender sent to prison
74bc273d6e7b79e09dc3d062506856ffe0b4a3681fceeff1f94562f8d877dbdb,2012-01,South Wales Police,South Wales Police,-3.341434,51.603324,On or near GELLIWASTAD ROAD,W01001228,Rhondda Cynon Taf 021D,Offender sent to prison
fd643949e1898c39db25b4a20251ca4068df0dedf376f851ea07db001f2e4b19,2012-01,South Wales Police,South Wales Police,-3.176509,51.478839,On or near Shopping Area,W01001941,Cardiff 032G,Offender sent to prison
cea5b1ecc60e03adfac735c536336b0eedbf1310ef398b4e298e02b438ed6b09,2012-01,South Wales Police,South Wales Police,-3.780496,51.591828,On or near Parking Area,W01000951,Neath Port Talbot 018C,Offender fined
9fe385781f90369ade5e14dea4e1f8d578ce18e0fb58803184bcc150f44d4663,2012-01,South Wales Police,South Wales Police,-3.352292,51.557125,On or near PARISH ROAD,W01001278,Rhondda Cynon Taf 028E,Offender fined
88d09549f4cea5e1acbe023c9850bfd818333687b60c670455ff977eef889335,2012-01,South Wales Police,South Wales Police,-3.704243,51.478794,On or near OLD SCHOOL ROAD,W01001046,Bridgend 018C,Offender fined
2c5391acff91ef8fe69aa05a1a65bf52f6f40c17ddafc88cbb364dd5d067bc8f,2012-01,South Wales Police,South Wales Police,-3.177285,51.481574,On or near Shopping Area,W01001939,Cardiff 032F,Offender sent to prison
3e60af1696e35a42b231205160c04a27719a1b642585665ebad36b9aba3bf126,2012-01,South Wales Police,South Wales Police,-3.529804,51.670807,On or near ELEANOR STREET,W01001265,Rhondda Cynon Taf 007A,Offender fined
b5575acb08a8d3d5453a5e23def29e1ce3d3972c081f22bfc4e5d96bf95d3358,2012-01,South Wales Police,South Wales Police,-3.176026,51.480220,On or near Shopping Area,W01001941,Cardiff 032G,Offender sent to prison
3b0f2c9a34fe76c8dac824c53358b73d00c2af9a085c72d109b020b14c07c801,2012-01,South Wales Police,South Wales Police,-3.939769,51.626172,On or near Pedestrian Subway,W01001955,Swansea 025F,Offender given conditional discharge
e26f8bd08588db07eeef1a483ec45f09f7946c032e1307af636fd84312f0ea7e,2012-01,South Wales Police,South Wales Police,-3.207514,51.476186,On or near BROADHAVEN,W01001711,Cardiff 040C,Offender given conditional discharge
603ca041f05e793635a5dda990024bfba7d8d72256e94ace143a9e9989470b37,2012-01,South Wales Police,South Wales Police,-3.340718,51.600608,On or near Shopping Area,W01001182,Rhondda Cynon Taf 021A,Offender given conditional discharge
b593df5cfdecc6928ea1c353e67c851b7bb20621a87b80dde86c61d2a3f7b9a4,2012-01,South Wales Police,South Wales Police,-3.415086,51.598071,On or near CHANNEL AVENUE,W01001174,Rhondda Cynon Taf 020C,Offender otherwise dealt with
9f47d36ec8a98f14f98069b0dd3775c0b162f989441efb8d18a782cdd9fc940c,2012-01,South Wales Police,South Wales Police,-3.376419,51.542116,On or near SWAN STREET,W01001195,Rhondda Cynon Taf 030C,Offender given suspended prison sentence
8c8325dd44f0b091abcf2a2689b2caa6b23e94ec068e996eb1daa0233e6fac79,2012-01,South Wales Police,South Wales Police,-3.189360,51.506755,On or near Hospital,W01001770,Cardiff 018B,Offender fined
5fa0ae5efdaaab9422f66a1e8b4575b39d6396cbba04bbb9e94b77480d9fda6b,2012-01,South Wales Police,South Wales Police,-3.969265,51.716684,On or near Park/Open Space,W01000803,Swansea 002F,Defendant found not guilty
f859132eb3ad2d91d420b2e0da89e04f2a724843144a5ee65548c6dc639db096,2012-01,South Wales Police,South Wales Police,-3.266518,51.418302,On or near ST ANN'S COURT,W01001095,The Vale of Glamorgan 007D,Offender fined
4b1b712245c06d6a8f0b139cba7e44a89724e64da612f8d59aca139c83a30bac,2012-01,South Wales Police,South Wales Police,-3.438117,51.690390,On or near STATION TERRACE,W01001140,Rhondda Cynon Taf 005D,Offender fined
c48a1282200cdc150645d45665050c5465c8775c6c77de61f60b3c5f988dc4c7,2012-01,South Wales Police,South Wales Police,-3.571652,51.517667,On or near Hospital,W01001038,Bridgend 011C,Offender given community sentence
bf044f2aa7de42b20eb64917fa7d1815ac73d2e54312202649628ad9320ea43e,2012-01,South Wales Police,South Wales Police,-3.182802,51.456035,On or near MOREL COURT,W01001947,Cardiff 048E,Offender sent to prison
7bab1785345f8fb37590043ed011ea39b3bd5a6a8f6fabd11f45afae71a7009d,2012-01,South Wales Police,South Wales Police,-3.658207,51.633158,On or near WOODLANDS TERRACE,W01000991,Bridgend 001A,Offender fined
e804fbdcfd37ef38b1955b16ef7ba8b9ad557b3dd4c308734851ffa5e30f6c2f,2012-01,South Wales Police,South Wales Police,-3.189360,51.506755,On or near Hospital,W01001770,Cardiff 018B,Offender fined
247381a2cf3b6db80090309e2a120cc735372bc34e69c16db434dab51712074b,2012-01,South Wales Police,South Wales Police,-3.305319,51.663176,On or near PERROTT PLACE,W01001322,Merthyr Tydfil 007E,Offender otherwise dealt with
6eb3467337b0b37bdc4fc270c950c6d6cc87c11a423997bc7a3ed13656d76878,2012-01,South Wales Police,South Wales Police,-3.576832,51.507383,On or near DERWEN ROAD,W01001021,Bridgend 014A,Offender sent to prison
ee79e06fb1864ddf8162880a46b5969564dbd874add99a9bc904cde070323400,2012-01,South Wales Police,South Wales Police,-3.225880,51.484475,On or near Petrol Station,W01001716,Cardiff 035C,Offender given conditional discharge
fd7c67e356d9a68c47b4deac8bb315428c43355894ed15772da10c24fd9a062d,2012-01,South Wales Police,South Wales Police,-3.655646,51.609644,On or near Parking Area,W01001014,Bridgend 002A,Offender sent to prison
ca063383ed08361889b231cfa428b81aa0d59c6343d072fdf3c29b1015b34920,2012-01,South Wales Police,South Wales Police,-3.982014,51.628137,On or near Petrol Station,W01000868,Swansea 024B,Offender given community sentence
df863650203a7eb35868d067b54e951caccea6d3fd601f068c80059911916eaf,2012-01,South Wales Police,South Wales Police,-3.925746,51.664162,On or near SLATE STREET,W01000812,Swansea 008C,Offender otherwise dealt with
f0b121fcc0b39095450d28aef960faf552671727f6c03ab923d300cda4e85922,2012-01,South Wales Police,South Wales Police,-3.108299,51.524706,On or near MEADOWLARK CLOSE,W01001881,Cardiff 013C,Offender given suspended prison sentence
bd3c8a8071b50ee2a26699e6f82df30cfd4d717f346156b623cbc4b8a50e3281,2012-01,South Wales Police,South Wales Police,-3.957884,51.630124,On or near EMLYN GARDENS,W01000862,Swansea 019A,Offender fined
c073849a699c9b793733119ddd77ecfbe138724669a688aa9a9e7c4464de5a6c,2012-01,South Wales Police,South Wales Police,-3.688713,51.528144,On or near MARSHFIELD AVENUE,W01001050,Bridgend 008D,Offender sent to prison
848c5fe6c1eb84fc41397e7affc7b6997706b5ab7bb8045e6b71c72fe91f071e,2012-01,South Wales Police,South Wales Police,-3.209794,51.501951,On or near ABERDORE ROAD,W01001788,Cardiff 023D,Offender fined
b0dd045e44832d24e99b2c833684350671ccca6e564fcc0ed4500c0ed8a96af8,2012-01,South Wales Police,South Wales Police,-3.803080,51.665193,On or near COLWG Y CASTELL,W01000939,Neath Port Talbot 008D,Offender sent to prison
02678c2f288b460c8368f8456976c5d96a8dfcc1ae863bff6c795cfebe531b03,2012-01,South Wales Police,South Wales Police,-3.942052,51.621098,On or near CASTLE STREET,W01001955,Swansea 025F,Offender otherwise dealt with
bdf5feef3484f6945a80e2763cf413cad63361f7d201971c3ad12883a69ee506,2012-01,South Wales Police,South Wales Police,-3.945614,51.622289,On or near GROVE PLACE,W01001955,Swansea 025F,Offender fined
90be142bd68d70f9a156e096ba1677f4762c676dec9b7e338f5fc67de333b167,2012-01,South Wales Police,South Wales Police,,,No location,,,Offender given community sentence
0df12e6132a15c32234a696067e1965af0831175b583e3d097c2da161ca542ed,2012-01,South Wales Police,South Wales Police,-3.272860,51.404296,On or near Parking Area,W01001066,The Vale of Glamorgan 015D,Offender given community sentence
64a4cef86192522d58d54ec4161fd13eb7123879ce8676a1f77fba98ba19f1de,2012-01,South Wales Police,South Wales Police,-3.701576,51.523578,On or near GIBBONS WAY,W01001002,Bridgend 010D,Offender fined
a8405c1556d403abae2ca53cec34ad599bf8641ac1299705fa363e03bf40f26f,2012-01,South Wales Police,South Wales Police,-3.166222,51.485992,On or near Further/Higher Educational Building,W01001835,Cardiff 033F,Offender sent to prison
ac552312ad7151fdcb023bc60259a54f04ebf12bc18e6c4294f4d73f9f7536c0,2012-01,South Wales Police,South Wales Police,-3.334374,51.620103,On or near COED-Y-LAN ROAD,W01001180,Rhondda Cynon Taf 015A,Defendant found not guilty
df8c318a3215faf034bc16b43c951fb22eabaf924893250e8bb450ffba13cdc5,2012-01,South Wales Police,South Wales Police,-3.283602,51.400303,On or near ISLAND ROAD,W01001102,The Vale of Glamorgan 013F,Offender sent to prison
6245c108f22b9d1fbca8d743efd2612e0c8cdff393c8e8d63c444960ee7957c5,2012-01,South Wales Police,South Wales Police,-3.451229,51.619930,On or near Parking Area,W01001248,Rhondda Cynon Taf 016D,Offender sent to prison
cc0f53ac947e93a939018ae94b54ad05314b245ab4ea26c6af328f057487d57d,2012-01,South Wales Police,South Wales Police,-3.594107,51.506493,On or near BRYNTIRION HILL,W01001027,Bridgend 017C,Offender sent to prison
5c0bc7ea2df4a70d5b2c1a7d732e82aacd32fc032e406c601497c0b6a7854666,2012-01,South Wales Police,South Wales Police,-3.265557,51.405886,On or near LLANTWIT STREET,W01001910,The Vale of Glamorgan 012G,Offender sent to prison
2d6ffe31678919720d025f9c15c7d27eacb3a0b3cb51b954c80a221c0c58ca70,2012-01,South Wales Police,South Wales Police,-3.781615,51.597197,On or near PRIOR STREET,W01000950,Neath Port Talbot 018B,Offender sent to prison
97ce47d3dd4c79c3595ae80439fdf29001a4048964a3babbabae45ef96479137,2012-01,South Wales Police,South Wales Police,-3.303379,51.665599,On or near FOX STREET,W01001322,Merthyr Tydfil 007E,Offender sent to prison
3b97280e5f5136e1b0eea16b9d1f0fd0b6f46bfb615535ea6ad691c10c4f9e0d,2012-01,South Wales Police,South Wales Police,-3.579500,51.506627,On or near Dunraven Place,W01001021,Bridgend 014A,Offender sent to prison
aaa42d24ec54130d9e1578347ba23b34ad0954c6905fadf8ca394f36d573460d,2012-01,South Wales Police,South Wales Police,-3.658858,51.609023,On or near TALBOT STREET,W01001014,Bridgend 002A,Offender sent to prison
88573e47e6cd86a77ba9f293f4e910918aeb17f372013ffcb8b0388e6711a908,2012-01,South Wales Police,South Wales Police,-3.658731,51.608296,On or near LLYNFI LANE,W01001018,Bridgend 002D,Offender given community sentence
9640e2529378e610215bade37046286fd08f2cd2aea7d316ab905c22326f522d,2012-01,South Wales Police,South Wales Police,-3.246604,51.478124,On or near ABERTHAW ROAD,W01001740,Cardiff 039D,Offender fined
b43d82bf9f2520aa7c6567a0b4de25ec5d9d8c6fc3b49694f3490437f92791d4,2012-01,South Wales Police,South Wales Police,-3.175166,51.483169,On or near Nightclub,W01001939,Cardiff 032F,Offender fined
aebf3ef253ddd4725d84e3657d2f0cff5b57dc61df3e7d1d9a1aad5b877a948e,2012-01,South Wales Police,South Wales Police,-3.178431,51.481895,On or near Shopping Area,W01001939,Cardiff 032F,Offender fined
bfba46b0a7497b97736713570abe1d0450fabe4c9c62e9bb00b3066ed0b7dfd7,2012-01,South Wales Police,South Wales Police,-3.260369,51.408055,On or near GUTHRIE STREET,W01001079,The Vale of Glamorgan 012E,Offender sent to prison
d15e2572f7b8284001db77445f244e759c8c27b598cc1f25cf64734d7e6cde1c,2012-01,South Wales Police,South Wales Police,-3.542188,51.607916,On or near SAVILLE ROAD,W01001034,Bridgend 003F,Offender given suspended prison sentence
5376934a08c3769c1659ae52c31356d44a00487d4235fb5cd6c893bedf0169ea,2012-01,South Wales Police,South Wales Police,-3.704243,51.478794,On or near OLD SCHOOL ROAD,W01001046,Bridgend 018C,Offender sent to prison
6be848a5351df7078eea747da568aaecf179140ad5cd17edddd38e3824209743,2012-01,South Wales Police,South Wales Police,-3.138897,51.523379,On or near Petrol Station,W01001811,Cardiff 009A,Offender otherwise dealt with
29a3157fb34c215ed65e35d7edf470c951504c9c7e395e5f712116f00c4eeb3b,2012-01,South Wales Police,South Wales Police,-3.131402,51.510026,On or near BRITISH LEGION DRIVE,W01001806,Cardiff 015D,Offender sent to prison
9e99b2d6e9ddf926f0337ffa6c6810d7a041462ab0dbf7d2445acb02776c39a8,2012-01,South Wales Police,South Wales Police,-3.577447,51.505603,On or near Shopping Area,W01001021,Bridgend 014A,Court case unable to proceed
dd6f9a0c064a3653023cb0a0f005d2445d7914a9f7e5c05cab30493f7523273e,2012-01,South Wales Police,South Wales Police,-3.987354,51.652119,On or near Shopping Area,W01000836,Swansea 011E,Offender sent to prison
d3cc8876a482aaf7b9f38e844adb61a2372a7fa71ccb5a8a7cef17431e82533a,2012-01,South Wales Police,South Wales Police,-3.942358,51.636362,On or near HAFOD PARK,W01000742,Swansea 016A,Defendant found not guilty
4dd377c449a3468b2aa2314dc87637b2e079a048f50f4cb5fbd93a925fe4e096,2012-01,South Wales Police,South Wales Police,-3.335156,51.767171,On or near Supermarket,W01001295,Merthyr Tydfil 002A,Offender given community sentence
3464f1ee6bda92e662b205699bac4f2ad37659ce6b0696c508c549d71e425d43,2012-01,South Wales Police,South Wales Police,-3.574117,51.504308,On or near Pedestrian Subway,W01001035,Bridgend 014E,Offender given suspended prison sentence
43f522eac27ad1478eefdaad35866f9b859b6bff8f699b3e55644e07c35511ed,2012-01,South Wales Police,South Wales Police,-3.380419,51.763016,On or near Parking Area,W01001299,Merthyr Tydfil 008A,Offender given community sentence
0ea5491ca55bfbab953da031ab4970dccd712692a75919f06613e385ad078c35,2012-01,South Wales Police,South Wales Police,-3.607864,51.510486,On or near MOUNT PLEASANT,W01000990,Bridgend 017B,Offender given suspended prison sentence
b2587d50dcaea55119f540435d973d399ca76cff6cb5674455c9230399641ddd,2012-01,South Wales Police,South Wales Police,-3.576095,51.506484,On or near COURT ROAD,W01001021,Bridgend 014A,Offender fined
182283f2760dccc778952d5d6a062a94d18fe801c2e945e997e9f23d0b4cadff,2012-01,South Wales Police,South Wales Police,-3.570905,51.504324,On or near Petrol Station,W01001035,Bridgend 014E,Offender otherwise dealt with
fa6097ca6a1de7a5bb2a5bafc0cab5782f671d658e8ce57256218c613b14bed9,2012-01,South Wales Police,South Wales Police,-3.419750,51.634621,On or near HILLSIDE TERRACE,W01001280,Rhondda Cynon Taf 017E,Offender otherwise dealt with
0f3618175c9924fe63367592144bd7bf9b4974dd4c90414f5abb07a3d465b563,2012-01,South Wales Police,South Wales Police,-3.179290,51.481140,On or near Shopping Area,W01001939,Cardiff 032F,Offender sent to prison
c95e339fa5cb9c41c0bde0053e4d9b4e79e8884893db44318d37b7b0b11334cf,2012-01,South Wales Police,South Wales Police,-3.806133,51.664138,On or near CROFT ROAD,W01000939,Neath Port Talbot 008D,Offender sent to prison
699522c35b81feafe9ed41c7e52e55fb98966f9e75b90f5029e89fc5122bcadd,2012-01,South Wales Police,South Wales Police,-3.169605,51.489312,On or near RUSSELL STREET,W01001832,Cardiff 033C,Offender given conditional discharge
13643e10c91ffc39b57518bb3b8df1cdbcf00697d9efe56c18b3257028630af7,2012-01,South Wales Police,South Wales Police,-3.948151,51.619459,On or near PICTON LANE,W01000745,Swansea 025B,Court case unable to proceed
900cd67093e8ecdc6ab1f39caa83ddcbf8d76dd889ab7b05476ba8b233dcfa29,2012-01,South Wales Police,South Wales Police,-3.189751,51.501851,On or near Supermarket,W01001755,Cardiff 025A,Offender sent to prison
b7b64f931624c4a3d49322ccacba2ecd5150b9bf5cec74b4c601d73f22c5b3b1,2012-01,South Wales Police,South Wales Police,-3.578789,51.508139,On or near Bus/Coach Station,W01001021,Bridgend 014A,Offender sent to prison
b631752a208ba006769bb9b8e6fe06077d6999915c7717c2a21e7f42061d85fa,2012-01,South Wales Police,South Wales Police,-3.574827,51.532399,On or near Shopping Area,W01001056,Bridgend 007D,Offender given community sentence
4f4bd3d82e8bd80ab023af2b324fc27c7c827d58ae691e925b0a64871568d131,2012-01,South Wales Police,South Wales Police,-3.579500,51.506627,On or near Dunraven Place,W01001021,Bridgend 014A,Offender sent to prison
b7ac8bc807e08b427abe65e922475ca4bb93492be418e69f91dff8e8424de10f,2012-01,South Wales Police,South Wales Police,-3.202370,51.507801,On or near TWYN-Y-FEDWEN,W01001890,Cardiff 021D,Offender sent to prison
aec2c91d7a06169c355bd2869440f1af9007aa1a890035ce255931eb55298c5e,2012-01,South Wales Police,South Wales Police,-3.945650,51.620094,On or near Parking Area,W01000745,Swansea 025B,Offender given community sentence
8e97ca73e4234087f64429bb0d6a55f3c10baf26bc5bd6320fac9348b9915b8f,2012-01,South Wales Police,South Wales Police,-3.111184,51.511766,On or near HEOL NEWYDD,W01001886,Cardiff 016D,Offender otherwise dealt with
aeee51852ecbe83452349c5364f2affd757724769281f239a310adc2e0ca8965,2012-01,South Wales Police,South Wales Police,-3.443534,51.713738,On or near COMMERCIAL STREET,W01001148,Rhondda Cynon Taf 002A,Offender given community sentence
eb410e4aab2474628b852a0f0a149ae69fd218fee44e77f2cac8b48d08a691c4,2012-01,South Wales Police,South Wales Police,-3.265557,51.405886,On or near LLANTWIT STREET,W01001910,The Vale of Glamorgan 012G,Offender sent to prison
62d397f4a97eeb6a648a2385d1c4ac7cae8c8354768d1a29588a1e2209ec10a4,2012-01,South Wales Police,South Wales Police,-3.179094,51.476907,On or near Central Square,W01001941,Cardiff 032G,Offender fined
362ca6d0e888c57b74b441809523d9ef281a1f43e9aae7452facc16f4f50b83e,2012-01,South Wales Police,South Wales Police,-3.376848,51.745677,On or near Supermarket,W01001315,Merthyr Tydfil 004D,Offender given conditional discharge
37d3b5a31c0ce7cd5e44c5d67477c949c106d65992d0a8b7b409491d15b3f336,2012-01,South Wales Police,South Wales Police,-3.121571,51.522790,On or near BAMPTON ROAD,W01001804,Cardiff 015B,Offender otherwise dealt with
0197ceb389692f8109b22ff3a7a0e76f7e820ec9632b04d20cd508f84c05a614,2012-01,South Wales Police,South Wales Police,-3.945572,51.620293,On or near PARK STREET,W01000745,Swansea 025B,Offender sent to prison
e89b3f3e325cb92625e318ea27621ea0057b285fdfc42bf1b900991740d4660e,2012-01,South Wales Police,South Wales Police,-3.504884,51.659385,On or near BROOK STREET,W01001270,Rhondda Cynon Taf 010B,Offender sent to prison
09961b86d3ab130caa25c071b5d066b20a6a6b984c126a384945ffff4ec77217,2012-01,South Wales Police,South Wales Police,-3.320167,51.618852,On or near ASHDOWN COURT,W01001165,Rhondda Cynon Taf 019B,Offender given conditional discharge
2ac8e5cc4c1d848eaa080009c296eb3c070183768f28dfb2e203b8f9fe7add94,2012-01,South Wales Police,South Wales Police,-3.441950,51.712202,On or near MERCHANT STREET,W01001150,Rhondda Cynon Taf 003B,Offender sent to prison
5a490a9fda078180dc37d326cf533da034f6f680e143832e11e2cda73dbbecd3,2012-01,South Wales Police,South Wales Police,-3.340201,51.602178,On or near PARK SIDE LANE,W01001228,Rhondda Cynon Taf 021D,Offender otherwise dealt with
8336c92330e6a5653f1e2f04f02c5fc2520fa6ea0a873fba8dfe23693c30fca8,2012-01,South Wales Police,South Wales Police,-3.157737,51.485320,On or near CLIFTON STREET,W01001694,Cardiff 036A,Offender sent to prison
096da234a50835390e090e2540545f671c740bf13cd7a97915b2b7407b8dede5,2012-01,South Wales Police,South Wales Police,-3.801467,51.664255,On or near RHODFA TYWYSOG CYMRU,W01000939,Neath Port Talbot 008D,Offender fined
6b5cf55f8e24f157b55ca2d4e9acbed9ab087669dd866ad05f1a1fee67b77a4d,2012-01,South Wales Police,South Wales Police,-3.969923,51.646190,On or near Supermarket,W01000835,Swansea 013E,Offender fined
a66a82ac1efa09279e272031901442099009e9936492654eeba0576fccee9a24,2012-01,South Wales Police,South Wales Police,-3.450910,51.714915,On or near GADLYS ROAD,W01001148,Rhondda Cynon Taf 002A,Offender given community sentence
179d1c89e14f12234358c658dead6aa3a0cc2fc8b8433ea0b3939512737c3c5b,2012-01,South Wales Police,South Wales Police,-3.956292,51.640474,On or near PWLL-Y-DOMEN ROAD,W01000767,Swansea 015E,Offender otherwise dealt with
4f986bb7a8fbff46beff9eb945339f463309b803837d24f22c6568bda69b879a,2012-01,South Wales Police,South Wales Police,-3.357922,51.763754,On or near ALMA STREET,W01001298,Merthyr Tydfil 002D,Offender sent to prison
3721c70cb7cc915c8eb29539c283d5ba4e1770745b94e395fb2018de935dc560,2012-01,South Wales Police,South Wales Police,-3.839153,51.661495,On or near SPRINGFIELD ROAD,W01000913,Neath Port Talbot 010B,Offender sent to prison
be7d5faf5ba83191a6ca4ab04f4fbcd8d61111415ad20d2c0fa4fe37d6f036e6,2012-01,South Wales Police,South Wales Police,-3.959571,51.622336,On or near RHIANFA GARDENS,W01000869,Swansea 024C,Offender given community sentence
3d1fe57ca7dbea8ded4746ca75ea12dfac8ce1f2a43f0a5a3d1a5ed2922f3c07,2012-01,South Wales Police,South Wales Police,-3.431152,51.650731,On or near EAST ROAD,W01001276,Rhondda Cynon Taf 013D,Offender given community sentence
18d40da6638cefae0f683e9dba30b51c721d96a8b5ced4b977d9b9991d13cb83,2012-01,South Wales Police,South Wales Police,-3.943736,51.616547,On or near Supermarket,W01001957,Swansea 025G,Offender sent to prison
996fd1b928514dad63a639f63c319f3403490d455c30c3c8a44be37c40955f69,2012-01,South Wales Police,South Wales Police,-3.946873,51.621675,On or near DE-LA BECHE STREET,W01000745,Swansea 025B,Offender given conditional discharge
53dfd39847f0261aec421c6adb5d4a75ccfb03777c88272c089bb2f8969385d4,2012-01,South Wales Police,South Wales Police,-3.442138,51.644374,On or near HEOL PEN-Y-BRYN,W01001274,Rhondda Cynon Taf 013B,Offender given community sentence
fb2c27653e8eb1381a95df717036b8de547ff9a18a381173750086487d375c68,2012-01,South Wales Police,South Wales Police,-3.393552,51.749985,On or near Shopping Area,W01001306,Merthyr Tydfil 003D,Offender sent to prison
3f9f915e6758bf078791beea47d5f4674fd76ff0a482f7223d94aa1c0c3373fa,2012-01,South Wales Police,South Wales Police,-3.378084,51.744898,On or near Shopping Area,W01001315,Merthyr Tydfil 004D,Offender fined
0fd70ebd743821ee6d61df34c97b18d14677158062e8231ed5f40a26535c930d,2012-01,South Wales Police,South Wales Police,-3.822484,51.634526,On or near JERSEY TERRACE,W01000897,Neath Port Talbot 013D,Offender fined
72d7530ddb50db63f1a963ed9d33847502e160a03a7b2650dad056e32656755b,2012-01,South Wales Police,South Wales Police,-3.179302,51.477714,On or near HAVELOCK STREET,W01001939,Cardiff 032F,Offender given community sentence
6754c0b1d97766544e8d5b5771f5d6f2037d2e70d877b235807526da9c2c97af,2012-01,South Wales Police,South Wales Police,-3.433652,51.510866,On or near LLWYN GWYN,W01001192,Rhondda Cynon Taf 031B,Offender given community sentence
0969ed19584ad5859da43de2bb11e11c19ed8b1f14bb185572970aaf1195aa28,2012-01,South Wales Police,South Wales Police,-3.141469,51.518471,On or near Pedestrian Subway,W01001811,Cardiff 009A,Offender fined
238cf113e0c32a868f40a709549a96934cda43e575d2c0674b27b6e79970117b,2012-01,South Wales Police,South Wales Police,-3.340232,51.764362,On or near COEDCAE ROW,W01001297,Merthyr Tydfil 002C,Offender given suspended prison sentence
3edaa208c0153e2c9d3aa4fe16ec52fd2169d3d6e8d046ede402d0442ebe1529,2012-01,South Wales Police,South Wales Police,-3.846527,51.654383,On or near Sports/Recreation Area,W01000914,Neath Port Talbot 010C,Court case unable to proceed
31a26f9f74e6ccaee057dd926bb395349c0c2c7f7e6aa230706e195e2c21a1b3,2012-01,South Wales Police,South Wales Police,-3.946920,51.618374,On or near PLYMOUTH STREET,W01001955,Swansea 025F,Offender given community sentence
767ca115134ebe3e403371e47737e2eed16b92b224c3d551d764c02952000bca,2012-01,South Wales Police,South Wales Police,-3.577760,51.514663,On or near AUSTIN AVENUE,W01001023,Bridgend 014C,Offender sent to prison
8e5c7df5d79c36e6a7101c73b52ef56c2a84025f079ef996a13e13726634572e,2012-01,South Wales Police,South Wales Police,-3.647256,51.600104,On or near LLWYDARTH ROAD,W01001020,Bridgend 002E,Offender given suspended prison sentence
d157456656aac21d0e5ce504da92ec142574cdccb375128d152a464796b31c00,2012-01,South Wales Police,South Wales Police,-3.465933,51.404008,On or near TRE-BEFERAD,W01001108,The Vale of Glamorgan 014A,Offender sent to prison
8f6c990d82450f67659d45c0e4a60a1e43a8b4882bbb2575635869751c14d3cd,2012-01,South Wales Police,South Wales Police,,,No location,,,Offender sent to prison
5d7a66c787d73e383bce73b7803ac8716e6968e40fdb60550415ed3879f893c0,2012-01,South Wales Police,South Wales Police,-3.401471,51.751707,On or near ERW LAS,W01001292,Merthyr Tydfil 004A,Offender given community sentence
d243cfe1af65a8213086f47b464c621f3837a923b2b74d5e9bd9b28ffed029b0,2012-01,South Wales Police,South Wales Police,-3.841244,51.660985,On or near Parking Area,W01000912,Neath Port Talbot 010A,Offender sent to prison
a8fa380a72a15a176a501b0cb661a551922fd86fd49b8d10cb4e8355c6c12efe,2012-01,South Wales Police,South Wales Police,-3.965477,51.641661,On or near WEIG GARDENS,W01000762,Swansea 013C,Offender fined
2acab78309c8793030443bcd94b52c30261f531a15d31d4896f7895f4deae8ab,2012-01,South Wales Police,South Wales Police,-3.177889,51.467037,On or near ABERCYNON STREET,W01001765,Cardiff 044B,Offender sent to prison
5d17dcb7fbd46152e7784a029b632a24155d4933ae57de12244be705237c91e6,2012-01,South Wales Police,South Wales Police,-3.173256,51.480598,On or near HEOL SIARL,W01001939,Cardiff 032F,Offender sent to prison
b89c9c905ed0c0517d86d840f14f5e36794e1443e13bb4d474c1a5c00e5705e4,2012-01,South Wales Police,South Wales Police,-3.142888,51.496823,On or near Petrol Station,W01001825,Cardiff 029D,Offender otherwise dealt with
241a3c8dd1b47a58cf7043fc84d3c3bf867c220b27360762c7045db8e401a433,2012-01,South Wales Police,South Wales Police,-3.174655,51.481807,On or near Shopping Area,W01001939,Cardiff 032F,Offender sent to prison
784192322e1fd37e96d080e15ac8e80d51bfabc5bddf429f61ca0b30a3c61806,2012-01,South Wales Police,South Wales Police,-3.276338,51.400131,On or near CLOS MANCHELDOWNE,W01001066,The Vale of Glamorgan 015D,Offender fined
0b038b428e0751bd54b18326cdad697d858a0610fadeebf2e1d89e0c5331a966,2012-01,South Wales Police,South Wales Police,-3.281629,51.400154,On or near BROAD STREET,W01001066,The Vale of Glamorgan 015D,Offender given conditional discharge
d43bcda03f3e5e4207da409d2adfa0f6ccccc4b7f4fa20d0993d54f394999647,2012-01,South Wales Police,South Wales Police,,,No location,,,Offender fined
f595cc13bde9f5eea6435191f21ac4c893120496666166cbc6fbb4f01386c42c,2012-01,South Wales Police,South Wales Police,-3.579500,51.506627,On or near Dunraven Place,W01001021,Bridgend 014A,Offender sent to prison
a1744a124d1ae7c791a61e0b62b71db0dfcbe07bb7203460fdca352af462dafc,2012-01,South Wales Police,South Wales Police,-3.174655,51.481807,On or near Shopping Area,W01001939,Cardiff 032F,Offender sent to prison
71acdb30a23f3e893bc391c4a05b2fd60e8a0e63f00a0bbbfc6272c2e2a5c2c5,2012-01,South Wales Police,South Wales Police,-3.393552,51.749985,On or near Shopping Area,W01001306,Merthyr Tydfil 003D,Offender given suspended prison sentence
510eeadc8d113eaf495221d101c5719daa0dce879f61ecf7074603f47ef1bb3f,2012-01,South Wales Police,South Wales Police,-3.576095,51.506484,On or near COURT ROAD,W01001021,Bridgend 014A,Offender fined
ea742f8b6d277b4f92716fb1f86778b1397d4470e43d7ac6bc5ef75fa001cc59,2012-01,South Wales Police,South Wales Police,-3.149732,51.512905,On or near Sports/Recreation Area,W01001813,Cardiff 017D,Offender fined
cfc0e1804d7e44c4d7103347a5781b9d3bd88f607d2f7c1f0f4948a4147a86af,2012-01,South Wales Police,South Wales Police,-3.458080,51.625465,On or near Bus/Coach Station,W01001247,Rhondda Cynon Taf 016C,Offender fined
e782e101ef7f3c607c1c8ce699e8bcb710ec7e9817f0152c7610f62e00cce4fa,2012-01,South Wales Police,South Wales Police,-3.376848,51.745677,On or near Supermarket,W01001315,Merthyr Tydfil 004D,Offender given community sentence
37592782e7cd5fff0e00521e859ecf620aa2526e6461c140f37d847f08d2333c,2012-01,South Wales Police,South Wales Police,-3.973197,51.647682,On or near CAEREITHIN FARM LANE,W01000831,Swansea 013D,Offender given community sentence
047c8dadc5d5c54077973a67d71449c0bb98b9ee2db1a8fb6a3ae7107df39db5,2012-01,South Wales Police,South Wales Police,-3.484788,51.673543,On or near WILSON PLACE,W01001202,Rhondda Cynon Taf 009C,Offender otherwise dealt with
cefaf6db6b651f39bdce93c6b5c8b81b71a4f450db79ed4ee45782af085a029d,2012-01,South Wales Police,South Wales Police,-3.943332,51.618244,On or near Shopping Area,W01001955,Swansea 025F,Offender sent to prison
482a48e8af8a43a9ebcaeef921a83c0db97e05ac9d54d2d9043b22207418f4be,2012-01,South Wales Police,South Wales Police,-3.658731,51.608296,On or near LLYNFI LANE,W01001018,Bridgend 002D,Offender fined
e348d947604990df189a5462dc3a71c31c729d72cf5ac7734bfb93d2898e6d81,2012-01,South Wales Police,South Wales Police,-3.132133,51.536608,On or near HIGH BANK,W01001842,Cardiff 003B,Offender otherwise dealt with
ba45f4ce71f0b250b38b74e38f137812b5e933bcc2bbe34ac2a5bc6b6a559536,2012-01,South Wales Police,South Wales Police,-3.340718,51.600608,On or near Shopping Area,W01001182,Rhondda Cynon Taf 021A,Offender given community sentence
c9a387886ba6af6e20ddd5f629e33748fda17ac0b46a2e8ae672f882cad37228,2012-01,South Wales Police,South Wales Police,-3.170297,51.493253,On or near Supermarket,W01001839,Cardiff 030E,Offender fined
3bc78f62af1bf84999f03069b6166bba4b7effc30e94cf0ee8ad3db822aceac9,2012-01,South Wales Police,South Wales Police,-3.239845,51.477935,On or near CLOS CEIRIOS,W01001707,Cardiff 041C,Offender given community sentence
4bf4910cb0e82a3f52508d9f916fe8651dae1b201777f322aa5a19f943c94d2d,2012-01,South Wales Police,South Wales Police,-3.274962,51.467451,On or near Supermarket,W01001113,The Vale of Glamorgan 003A,Offender sent to prison
a9184f094855fd1a93d274cfdb6bb4f4b3264ec895c27e6a112e07beb94b500c,2012-01,South Wales Police,South Wales Police,-3.119903,51.520594,On or near Supermarket,W01001802,Cardiff 007A,Offender given community sentence
a70cac525712fa7e4a440b1dd842cbe455cc6fd336d25fd31dc34ac2d69041ab,2012-01,South Wales Police,South Wales Police,-3.190758,51.529976,On or near TEGFAN CLOSE,W01001800,Cardiff 005D,Offender given community sentence
572106491d9fbb47025ebdb1590a6630b7a8a78ba76d42851409d9a587f32396,2012-01,South Wales Police,South Wales Police,-3.265557,51.405886,On or near LLANTWIT STREET,W01001910,The Vale of Glamorgan 012G,Offender sent to prison
f32b6f6c7547a487f518c85ea177e5df51ca4397dc9182b97b9d4fe7451f5696,2012-01,South Wales Police,South Wales Police,-3.377098,51.747238,On or near TRAMROAD SIDE NORTH,W01001315,Merthyr Tydfil 004D,Offender sent to prison
f6cecbfe6d7122f31c755e397421c7f242e1eaed3943db9e4373e3d51aafee92,2012-01,South Wales Police,South Wales Police,-3.206449,51.472366,On or near Petrol Station,W01001711,Cardiff 040C,Offender given conditional discharge
290b019dd3e4f06f202a24217093b4cf3659f46187f81f62a1c73ec1b5de57c7,2012-01,South Wales Police,South Wales Police,-3.291039,51.400464,On or near SALISBURY ROAD,W01001102,The Vale of Glamorgan 013F,Offender sent to prison
a21de6c6b511a1beb1744e955b1c1c6999b5465fd7f782133c9b654cf5de906e,2012-01,South Wales Police,South Wales Police,-3.425756,51.698480,On or near MARGARET STREET,W01001138,Rhondda Cynon Taf 005B,Offender given community sentence
91a7460cb99f46f390266f9cb51d0f333476551d133418e26af805f4eb75c1e4,2012-01,South Wales Police,South Wales Police,-3.176377,51.477069,On or near Nightclub,W01001941,Cardiff 032G,Offender sent to prison
5073f8a6166e02fdc354fe691aaf91954f23d134c34cc45c51188d48452db64f,2012-01,South Wales Police,South Wales Police,-3.341616,51.601200,On or near MILL STREET,W01001228,Rhondda Cynon Taf 021D,Offender fined
21f6e56d44ad71e84203d8958a36eef3bcd833e349d9a3885f55a92db40a1afe,2012-01,South Wales Police,South Wales Police,-3.320041,51.618017,On or near SILVERHILL CLOSE,W01001165,Rhondda Cynon Taf 019B,Offender fined
3fa787cdcf4f36eb10dff80522137b62749a84fee6681f50331bfe84a8099493,2012-01,South Wales Police,South Wales Police,-3.178743,51.475571,On or near Pedestrian Subway,W01001952,Cardiff 049F,Court case unable to proceed
9bfc42bdd0ab2fba98aa621c36565d937554fd56d490da893758b69e6e53147e,2012-01,South Wales Police,South Wales Police,-3.660513,51.613217,On or near CWRT Y MWNWS,W01001014,Bridgend 002A,Offender sent to prison
80706a40a0cf21c920209312ac385a07b7263817c6750866e0a6d1c0bc027079,2012-01,South Wales Police,South Wales Police,-3.248707,51.477634,On or near CROSSWAYS ROAD,W01001740,Cardiff 039D,Court case unable to proceed
e139d38a801c0e9cab4c87a88ae288da1c49d29bf11cfdecfc2bc7a48ed217b7,2012-01,South Wales Police,South Wales Police,-3.179094,51.476907,On or near Central Square,W01001941,Cardiff 032G,Offender fined
5dca870f515bd04be183ff16b4ec45c564d4231ff662c7f3a83aab8ca4403b82,2012-01,South Wales Police,South Wales Police,-3.188424,51.430315,On or near ST PETER'S ROAD,W01001131,The Vale of Glamorgan 008C,Offender fined
ad779192fea75624c84a10dfc6e81379ae5baf6e13985b07736c0d31b44347f3,2012-01,South Wales Police,South Wales Police,-3.945572,51.620293,On or near PARK STREET,W01000745,Swansea 025B,Offender given community sentence
808d4d7e2fb0fcd9a74150429f7bb66f578b77490b77b83191daf5afb6ba443d,2012-01,South Wales Police,South Wales Police,,,No location,,,Offender fined
4b7f5e60ac78ef8f17b6077a6fa4cce5e9ad352a7a4d7c87adf2005b586d46e2,2012-01,South Wales Police,South Wales Police,-3.260440,51.470737,On or near GREEN FARM ROAD,W01001702,Cardiff 045A,Offender given community sentence
4b6e4e34b42481f883a353bb04a2ecd0a16da7a52bb0ce0172d530758c5ddcb4,2012-01,South Wales Police,South Wales Police,-3.377283,51.743792,On or near Parking Area,W01001315,Merthyr Tydfil 004D,Offender sent to prison
03b04cbb7eabc7bb60c1a1025a49d4642bbe179778ac6bf07ff26c9a64844a77,2012-01,South Wales Police,South Wales Police,-3.803036,51.664069,On or near Supermarket,W01000939,Neath Port Talbot 008D,Offender fined
fc5b1417864a8f9e518ae5fca36aed3c971893d86c23badde771313681992036,2012-01,South Wales Police,South Wales Police,-3.373661,51.676406,On or near VICTORIA STREET,W01001211,Rhondda Cynon Taf 008C,Offender fined
ba45f4ce71f0b250b38b74e38f137812b5e933bcc2bbe34ac2a5bc6b6a559536,2012-01,South Wales Police,South Wales Police,-3.340718,51.600608,On or near Shopping Area,W01001182,Rhondda Cynon Taf 021A,Offender sent to prison
f7dcd312f9c9026b22481c64fcfca7c9a436977bec063d1a1ae583759b7bd27e,2012-01,South Wales Police,South Wales Police,-3.709795,51.524799,On or near MAWDLAM WAY,W01001002,Bridgend 010D,Offender given community sentence
3e6e7ed67b1d02a4841267b20ce7b61db16f37983065fb29cb330e97565bc39a,2012-01,South Wales Police,South Wales Police,-3.340718,51.600608,On or near Shopping Area,W01001182,Rhondda Cynon Taf 021A,Offender otherwise dealt with
7749e721f5b0a73a251ae9af301f35fdcdaaa68270c7e75f71e867347e54211c,2012-01,South Wales Police,South Wales Police,-3.169447,51.485384,On or near THE WALK,W01001835,Cardiff 033F,Offender fined
b11d19244cde6500c118b9f7fca4a66e15239a594d5f5b691b2c97761c449adb,2012-01,South Wales Police,South Wales Police,-3.947474,51.633337,On or near JOSEPH DAVIES' CLOSE,W01000742,Swansea 016A,Offender given conditional discharge
5fe818e229bb640612f39ec4601f937ad53d0ebaeba9f819be39e9fe40e07656,2012-01,South Wales Police,South Wales Police,-3.381947,51.536116,On or near Shopping Area,W01001243,Rhondda Cynon Taf 030E,Offender sent to prison
8962c30faa6303e64bcea35c90cbea699d6379d5399c7488e10e9eae2e1fe49f,2012-01,South Wales Police,South Wales Police,-3.181969,51.480610,On or near Sports/Recreation Area,W01001939,Cardiff 032F,Offender fined
9bfd78ec08f900f5979b05b7f211b00de4140f212604a1bd5c9b0704f4ad0dc1,2012-01,South Wales Police,South Wales Police,-3.186306,51.458518,On or near Shopping Area,W01001947,Cardiff 048E,Offender fined
d5f2b313b024ebbb6bdd1a819fccd7c6ab108e201cefbd030bc22cce9375473f,2012-01,South Wales Police,South Wales Police,-3.935247,51.620069,On or near Supermarket,W01001958,Swansea 025H,Offender sent to prison
5e9011db46a164b8715e62ce27529493272e735402dd5a104b1ad6f77d453354,2012-01,South Wales Police,South Wales Police,-3.358992,51.771880,On or near HEOL-Y-BRYNIAU,W01001295,Merthyr Tydfil 002A,Offender given community sentence
4e3bdc760d8dfaeb0579f7687395239ce3732b4e1d8767f960346363e277353f,2012-01,South Wales Police,South Wales Police,,,No location,,,Offender given community sentence
d827a63c4690b1040d30e474393e91c21832a60388cf00e36a39402d2c0238f1,2012-01,South Wales Police,South Wales Police,-3.335807,51.608415,On or near CENTRAL SQUARE,W01001258,Rhondda Cynon Taf 019E,Offender given conditional discharge
c70b242f98c500a3091b4a24d1c3232575efa551546b790e212eca571e8875db,2012-01,South Wales Police,South Wales Police,-3.168434,51.495330,On or near ALFRED STREET,W01001831,Cardiff 030A,Offender given community sentence
6b42e62a40479dc5ea755d3327bec51b33925dde660d7ed0244b2a74c076d4da,2012-01,South Wales Police,South Wales Police,-3.578789,51.508139,On or near Bus/Coach Station,W01001021,Bridgend 014A,Offender fined
6032acd8210981a313bcde4eec382545cfd11a163847794248eb9cf2680504f2,2012-01,South Wales Police,South Wales Police,-3.383139,51.767624,On or near WELLINGTONIA CLOSE,W01001299,Merthyr Tydfil 008A,Offender fined
98a078762d8064ea02b9551abef0d52131d624d56be6773113195d4a038ac38a,2012-01,South Wales Police,South Wales Police,-3.393552,51.749985,On or near Shopping Area,W01001306,Merthyr Tydfil 003D,Offender sent to prison
db4383e8a22547b5add97c3903122aa748fdc1a78d09455e5c29677bd15ddf63,2012-01,South Wales Police,South Wales Police,-3.132133,51.536608,On or near HIGH BANK,W01001842,Cardiff 003B,Offender given suspended prison sentence
b70c951e8c0f102b8283e2a286af4ce0efc7ded2b031745a04866aaa701789c4,2012-01,South Wales Police,South Wales Police,-3.241466,51.418831,On or near ST CADOC'S RISE,W01001068,The Vale of Glamorgan 009B,Offender fined
49025ba0ee6005736a16156d156e8dc6294b10187cdfe813e06d0c4ed9316739,2012-01,South Wales Police,South Wales Police,-3.181969,51.480610,On or near Sports/Recreation Area,W01001939,Cardiff 032F,Offender sent to prison
f8cbf6f60ae0f78f68a88088bad33319dc5728f89f37f5df165e55e24a6621ca,2012-01,South Wales Police,South Wales Police,-3.568674,51.497672,On or near Supermarket,W01001037,Bridgend 013B,Offender given community sentence
19b393411914281520f1a0f841f64f626287a1cf559ca4578913ba4b520b97a3,2012-01,South Wales Police,South Wales Police,-3.376848,51.745677,On or near Supermarket,W01001315,Merthyr Tydfil 004D,Offender sent to prison
67a492ddb8ed334aa08602844e9bf5c795685306ef838e0133ac1814002899a6,2012-01,South Wales Police,South Wales Police,-3.314401,51.586285,On or near Further/Higher Educational Building,W01001185,Rhondda Cynon Taf 022A,Offender given community sentence
96cd5ac56f372a6197e0254d2335ce7dc7a4522f7d3b95a8ca18e00e52507073,2012-01,South Wales Police,South Wales Police,-3.943332,51.618244,On or near Shopping Area,W01001955,Swansea 025F,Court case unable to proceed
b1bea42d6ac97eb929b0bc7b3f4540b2f92a3c9595e2cae7d3fd97b82e84df5e,2012-01,South Wales Police,South Wales Police,-3.978382,51.609080,On or near Further/Higher Educational Building,W01000861,Swansea 027D,Offender sent to prison
0dde19f55552b268356373f003b3d7162e14c2b11af1407a2efd8561411f8460,2012-01,South Wales Police,South Wales Police,-3.443534,51.713738,On or near COMMERCIAL STREET,W01001148,Rhondda Cynon Taf 002A,Offender fined
2d4585263b5fe3fef06ef98d425d6e18581994c3c68c39509b9aa16f36e5b9a9,2012-01,South Wales Police,South Wales Police,-3.843719,51.661054,On or near NEW ROAD,W01000913,Neath Port Talbot 010B,Offender sent to prison
29c02340585995ae31d5057534609af518111008d39c0943df781835a1a6f3ac,2012-01,South Wales Police,South Wales Police,-3.573995,51.507430,On or near LIAS STREET,W01001021,Bridgend 014A,Offender sent to prison
8d4c822bf79ffd386e159343284d7805c2143d93bae0866d987cbbbfbf72c0c0,2012-01,South Wales Police,South Wales Police,-3.348751,51.554972,On or near WOODLAND ROAD,W01001277,Rhondda Cynon Taf 028D,Offender sent to prison
38bb06e3fbd578a64867e7215483ddab4ea6aad7b88ccc504bc6667bc7e9b450,2012-01,South Wales Police,South Wales Police,-3.227478,51.508593,On or near WINGFIELD ROAD,W01001789,Cardiff 023E,Offender otherwise dealt with
174d80018e8b1fef5f57530c0f287fc745f1fb1fe5315774500cf8610a410eb5,2012-01,South Wales Police,South Wales Police,-3.178431,51.481895,On or near Shopping Area,W01001939,Cardiff 032F,Offender sent to prison
68c38abd5e6da7851e1abfc55dd677e6c82cfabf6a29d72bea2b6d3a1f14aea3,2012-01,South Wales Police,South Wales Police,-3.340138,51.604940,On or near MORGAN STREET,W01001228,Rhondda Cynon Taf 021D,Offender fined
